-- MySQL dump 10.13  Distrib 8.0.36, for Win64 (x86_64)
--
-- Host: localhost    Database: db_supermercado
-- ------------------------------------------------------
-- Server version	8.0.36

/*!40101 SET @OLD_CHARACTER_SET_CLIENT=@@CHARACTER_SET_CLIENT */;
/*!40101 SET @OLD_CHARACTER_SET_RESULTS=@@CHARACTER_SET_RESULTS */;
/*!40101 SET @OLD_COLLATION_CONNECTION=@@COLLATION_CONNECTION */;
/*!50503 SET NAMES utf8 */;
/*!40103 SET @OLD_TIME_ZONE=@@TIME_ZONE */;
/*!40103 SET TIME_ZONE='+00:00' */;
/*!40014 SET @OLD_UNIQUE_CHECKS=@@UNIQUE_CHECKS, UNIQUE_CHECKS=0 */;
/*!40014 SET @OLD_FOREIGN_KEY_CHECKS=@@FOREIGN_KEY_CHECKS, FOREIGN_KEY_CHECKS=0 */;
/*!40101 SET @OLD_SQL_MODE=@@SQL_MODE, SQL_MODE='NO_AUTO_VALUE_ON_ZERO' */;
/*!40111 SET @OLD_SQL_NOTES=@@SQL_NOTES, SQL_NOTES=0 */;

--
-- Table structure for table `clientes`
--

DROP TABLE IF EXISTS `clientes`;
/*!40101 SET @saved_cs_client     = @@character_set_client */;
/*!50503 SET character_set_client = utf8mb4 */;
CREATE TABLE `clientes` (
  `idCliente` int NOT NULL AUTO_INCREMENT,
  `nombres` varchar(60) DEFAULT NULL,
  `apellidos` varchar(60) DEFAULT NULL,
  `nit` varchar(12) DEFAULT NULL,
  `genero` varchar(2) DEFAULT NULL,
  `telefono` varchar(25) DEFAULT NULL,
  `correo_electronico` varchar(45) DEFAULT NULL,
  `fechaingreso` datetime DEFAULT NULL,
  PRIMARY KEY (`idCliente`)
) ENGINE=InnoDB AUTO_INCREMENT=564 DEFAULT CHARSET=utf8mb4 COLLATE=utf8mb4_0900_ai_ci;
/*!40101 SET character_set_client = @saved_cs_client */;

--
-- Dumping data for table `clientes`
--

LOCK TABLES `clientes` WRITE;
/*!40000 ALTER TABLE `clientes` DISABLE KEYS */;
/*!40000 ALTER TABLE `clientes` ENABLE KEYS */;
UNLOCK TABLES;

--
-- Table structure for table `compras`
--

DROP TABLE IF EXISTS `compras`;
/*!40101 SET @saved_cs_client     = @@character_set_client */;
/*!50503 SET character_set_client = utf8mb4 */;
CREATE TABLE `compras` (
  `idcompra` int NOT NULL AUTO_INCREMENT,
  `no_orden_compra` int DEFAULT NULL,
  `idproveedor` int DEFAULT NULL,
  `fecha_orden` date DEFAULT NULL,
  `fechaingreso` datetime DEFAULT NULL,
  PRIMARY KEY (`idcompra`),
  KEY `idproveedor_proveedores_compras_idx` (`idproveedor`),
  CONSTRAINT `idproveedor_proveedores_compras` FOREIGN KEY (`idproveedor`) REFERENCES `proveedores` (`idProveedore`) ON UPDATE CASCADE
) ENGINE=InnoDB DEFAULT CHARSET=utf8mb4 COLLATE=utf8mb4_0900_ai_ci;
/*!40101 SET character_set_client = @saved_cs_client */;

--
-- Dumping data for table `compras`
--

LOCK TABLES `compras` WRITE;
/*!40000 ALTER TABLE `compras` DISABLE KEYS */;
/*!40000 ALTER TABLE `compras` ENABLE KEYS */;
UNLOCK TABLES;

--
-- Table structure for table `compras_detalle`
--

DROP TABLE IF EXISTS `compras_detalle`;
/*!40101 SET @saved_cs_client     = @@character_set_client */;
/*!50503 SET character_set_client = utf8mb4 */;
CREATE TABLE `compras_detalle` (
  `idCompra_detalle` bigint NOT NULL AUTO_INCREMENT,
  `idcompra` int DEFAULT NULL,
  `idproducto` int DEFAULT NULL,
  `cantidad` int DEFAULT NULL,
  `precio_costo_unitario` decimal(8,2) DEFAULT NULL,
  PRIMARY KEY (`idCompra_detalle`),
  KEY `idproducto_Productos_compras_detalle_idx` (`idproducto`),
  KEY `idcompra_compras_compras_detalle_idx` (`idcompra`),
  CONSTRAINT `idcompra_compras_compras_detalle` FOREIGN KEY (`idcompra`) REFERENCES `compras` (`idcompra`) ON UPDATE CASCADE,
  CONSTRAINT `idproducto_Productos_compras_detalle` FOREIGN KEY (`idproducto`) REFERENCES `productos` (`idProducto`) ON UPDATE CASCADE
) ENGINE=InnoDB DEFAULT CHARSET=utf8mb4 COLLATE=utf8mb4_0900_ai_ci;
/*!40101 SET character_set_client = @saved_cs_client */;

--
-- Dumping data for table `compras_detalle`
--

LOCK TABLES `compras_detalle` WRITE;
/*!40000 ALTER TABLE `compras_detalle` DISABLE KEYS */;
/*!40000 ALTER TABLE `compras_detalle` ENABLE KEYS */;
UNLOCK TABLES;

--
-- Table structure for table `empleados`
--

DROP TABLE IF EXISTS `empleados`;
/*!40101 SET @saved_cs_client     = @@character_set_client */;
/*!50503 SET character_set_client = utf8mb4 */;
CREATE TABLE `empleados` (
  `idEmpleado` int NOT NULL AUTO_INCREMENT,
  `nombres` varchar(60) DEFAULT NULL,
  `apellidos` varchar(60) DEFAULT NULL,
  `direccion` varchar(80) DEFAULT NULL,
  `telefono` varchar(25) DEFAULT NULL,
  `dpi` varchar(15) DEFAULT NULL,
  `genero` varchar(2) DEFAULT NULL,
  `fecha_nacimiento` date DEFAULT NULL,
  `idPuesto` smallint DEFAULT NULL,
  `fecha_inicio_labores` date DEFAULT NULL,
  `fechaingreso` datetime DEFAULT NULL,
  PRIMARY KEY (`idEmpleado`),
  KEY `idPuesto_puestos_empleados_idx` (`idPuesto`),
  CONSTRAINT `idPuesto_puestos_empleados` FOREIGN KEY (`idPuesto`) REFERENCES `puestos` (`idPuesto`) ON UPDATE CASCADE
) ENGINE=InnoDB AUTO_INCREMENT=7 DEFAULT CHARSET=utf8mb4 COLLATE=utf8mb4_0900_ai_ci;
/*!40101 SET character_set_client = @saved_cs_client */;

--
-- Dumping data for table `empleados`
--

LOCK TABLES `empleados` WRITE;
/*!40000 ALTER TABLE `empleados` DISABLE KEYS */;
INSERT INTO `empleados` VALUES (1,'EDDY ELIAS','VILLATORO GOMEZ','CIUDAD','54678901','1212324565789','M','2002-10-20',1,'2021-10-01','2021-10-01 00:00:00'),(2,'MARCO ANTONIO','SINTO LOPEZ','CIUDAD','12354321','9988887766543','M','2002-09-20',2,'2021-10-01','2021-10-01 00:00:00'),(3,'RUDY ARMANDO','MARROQUIN CARRILLO','CIUDAD','98557321','9977332345628','M','1997-11-29',3,'2021-10-01','2021-10-01 00:00:00'),(4,'USIAS ISRAEL','SAQUIC GARCIA','CIUDAD','76342187','1001029384756','M','2001-05-20',4,'2021-10-01','2021-10-01 00:00:00');
/*!40000 ALTER TABLE `empleados` ENABLE KEYS */;
UNLOCK TABLES;

--
-- Table structure for table `marcas`
--

DROP TABLE IF EXISTS `marcas`;
/*!40101 SET @saved_cs_client     = @@character_set_client */;
/*!50503 SET character_set_client = utf8mb4 */;
CREATE TABLE `marcas` (
  `idmarca` smallint NOT NULL AUTO_INCREMENT,
  `marca` varchar(50) DEFAULT NULL,
  PRIMARY KEY (`idmarca`)
) ENGINE=InnoDB AUTO_INCREMENT=11 DEFAULT CHARSET=utf8mb4 COLLATE=utf8mb4_0900_ai_ci;
/*!40101 SET character_set_client = @saved_cs_client */;

--
-- Dumping data for table `marcas`
--

LOCK TABLES `marcas` WRITE;
/*!40000 ALTER TABLE `marcas` DISABLE KEYS */;
INSERT INTO `marcas` VALUES (1,'MALHER'),(2,'SULI'),(3,'QUAKER'),(4,'DUCAL'),(5,'FRUTAL'),(6,'DOS PINOS'),(7,'NIDO'),(8,'SABRITAS'),(9,'INA'),(10,'MAGY');
/*!40000 ALTER TABLE `marcas` ENABLE KEYS */;
UNLOCK TABLES;

--
-- Table structure for table `productos`
--

DROP TABLE IF EXISTS `productos`;
/*!40101 SET @saved_cs_client     = @@character_set_client */;
/*!50503 SET character_set_client = utf8mb4 */;
CREATE TABLE `productos` (
  `idProducto` int NOT NULL AUTO_INCREMENT,
  `producto` varchar(50) DEFAULT NULL,
  `idMarca` smallint DEFAULT NULL,
  `Descripcion` varchar(100) DEFAULT NULL,
  `Imagen` varchar(30) DEFAULT NULL,
  `precio_costo` decimal(8,2) DEFAULT NULL,
  `precio_venta` decimal(8,2) DEFAULT NULL,
  `existencia` int DEFAULT NULL,
  `fecha_ingreso` datetime DEFAULT NULL,
  PRIMARY KEY (`idProducto`),
  KEY `idmarca_marcas_Productos_idx` (`idMarca`),
  CONSTRAINT `idmarca_marcas_Productos` FOREIGN KEY (`idMarca`) REFERENCES `marcas` (`idmarca`) ON UPDATE CASCADE
) ENGINE=InnoDB AUTO_INCREMENT=22 DEFAULT CHARSET=utf8mb4 COLLATE=utf8mb4_0900_ai_ci;
/*!40101 SET character_set_client = @saved_cs_client */;

--
-- Dumping data for table `productos`
--

LOCK TABLES `productos` WRITE;
/*!40000 ALTER TABLE `productos` DISABLE KEYS */;
INSERT INTO `productos` VALUES (1,'SOPA ',1,'SOPA GRANDE',NULL,3.50,7.40,90,'2024-05-01 00:00:00'),(2,'PAPEL',2,'PAPEL HIGIENICO',NULL,10.00,18.50,30,'2024-05-01 00:00:00'),(3,'AVENA',3,'AVENA MOLIDA',NULL,5.00,8.00,15,'2024-05-01 00:00:00'),(4,'FRIJOL',4,'LIBRA FRIJOL',NULL,4.00,7.90,90,'2024-05-01 00:00:00'),(5,'JUGO',5,'LATA',NULL,3.00,4.50,100,'2024-05-01 00:00:00'),(6,'LECHE G',6,'BOLSA GRANDE',NULL,60.00,80.50,70,'2024-05-01 00:00:00'),(7,'LECHE M',7,'BOLSA MEDIANA',NULL,20.00,25.00,90,'2024-05-01 00:00:00'),(8,'LAYS',8,'MEDIANA',NULL,10.00,15.00,200,'2024-05-01 00:00:00'),(9,'PASTA',9,'CODITOS',NULL,4.00,6.00,90,'2024-05-01 00:00:00'),(10,'CONSOME',10,'SOBRES',NULL,1.20,3.50,240,'2024-05-01 00:00:00');
/*!40000 ALTER TABLE `productos` ENABLE KEYS */;
UNLOCK TABLES;

--
-- Table structure for table `proveedores`
--

DROP TABLE IF EXISTS `proveedores`;
/*!40101 SET @saved_cs_client     = @@character_set_client */;
/*!50503 SET character_set_client = utf8mb4 */;
CREATE TABLE `proveedores` (
  `idProveedore` int NOT NULL AUTO_INCREMENT,
  `proveedor` varchar(60) DEFAULT NULL,
  `nit` varchar(12) DEFAULT NULL,
  `direccion` varchar(80) DEFAULT NULL,
  `telefono` varchar(25) DEFAULT NULL,
  PRIMARY KEY (`idProveedore`)
) ENGINE=InnoDB AUTO_INCREMENT=1779 DEFAULT CHARSET=utf8mb4 COLLATE=utf8mb4_0900_ai_ci;
/*!40101 SET character_set_client = @saved_cs_client */;

--
-- Dumping data for table `proveedores`
--

LOCK TABLES `proveedores` WRITE;
/*!40000 ALTER TABLE `proveedores` DISABLE KEYS */;
INSERT INTO `proveedores` VALUES (1,'MOLINOS MODERNOS, S.A.','1123648-9','CIUDAD','33420000'),(2,'SULI, S.A.','3327835-8','CIUDAD','22333302'),(3,'SABRITAS, S.A.','2377499-9','CIUDAD','22000991'),(4,'POLLO REY','8899887-9','CIUDAD','22310000'),(5,'REFRESCOS GT, S.A.','8877689-9','CIUDAD','21000192');
/*!40000 ALTER TABLE `proveedores` ENABLE KEYS */;
UNLOCK TABLES;

--
-- Table structure for table `puestos`
--

DROP TABLE IF EXISTS `puestos`;
/*!40101 SET @saved_cs_client     = @@character_set_client */;
/*!50503 SET character_set_client = utf8mb4 */;
CREATE TABLE `puestos` (
  `idPuesto` smallint NOT NULL AUTO_INCREMENT,
  `puesto` varchar(50) DEFAULT NULL,
  PRIMARY KEY (`idPuesto`)
) ENGINE=InnoDB AUTO_INCREMENT=9 DEFAULT CHARSET=utf8mb4 COLLATE=utf8mb4_0900_ai_ci;
/*!40101 SET character_set_client = @saved_cs_client */;

--
-- Dumping data for table `puestos`
--

LOCK TABLES `puestos` WRITE;
/*!40000 ALTER TABLE `puestos` DISABLE KEYS */;
INSERT INTO `puestos` VALUES (1,'SUPERVISOR'),(2,'MARKETING'),(3,'VENTAS'),(4,'GERENTE'),(8,'ADMINISTRADOR');
/*!40000 ALTER TABLE `puestos` ENABLE KEYS */;
UNLOCK TABLES;

--
-- Table structure for table `ventas`
--

DROP TABLE IF EXISTS `ventas`;
/*!40101 SET @saved_cs_client     = @@character_set_client */;
/*!50503 SET character_set_client = utf8mb4 */;
CREATE TABLE `ventas` (
  `idVenta` int NOT NULL AUTO_INCREMENT,
  `nofactura` int DEFAULT NULL,
  `serie` char(1) DEFAULT NULL,
  `fechafactura` date DEFAULT NULL,
  `idcliente` int DEFAULT NULL,
  `idempleado` int DEFAULT NULL,
  `fechaingreso` datetime DEFAULT NULL,
  PRIMARY KEY (`idVenta`),
  KEY `idcliente_clientes_ventas_idx` (`idcliente`),
  KEY `idempleado_empleados_ventas_idx` (`idempleado`),
  CONSTRAINT `idcliente_clientes_ventas` FOREIGN KEY (`idcliente`) REFERENCES `clientes` (`idCliente`) ON UPDATE CASCADE,
  CONSTRAINT `idempleado_empleados_ventas` FOREIGN KEY (`idempleado`) REFERENCES `empleados` (`idEmpleado`) ON UPDATE CASCADE
) ENGINE=InnoDB DEFAULT CHARSET=utf8mb4 COLLATE=utf8mb4_0900_ai_ci;
/*!40101 SET character_set_client = @saved_cs_client */;

--
-- Dumping data for table `ventas`
--

LOCK TABLES `ventas` WRITE;
/*!40000 ALTER TABLE `ventas` DISABLE KEYS */;
/*!40000 ALTER TABLE `ventas` ENABLE KEYS */;
UNLOCK TABLES;

--
-- Table structure for table `ventas_detalle`
--

DROP TABLE IF EXISTS `ventas_detalle`;
/*!40101 SET @saved_cs_client     = @@character_set_client */;
/*!50503 SET character_set_client = utf8mb4 */;
CREATE TABLE `ventas_detalle` (
  `idVenta_detalle` bigint NOT NULL AUTO_INCREMENT,
  `idVenta` int DEFAULT NULL,
  `idProducto` int DEFAULT NULL,
  `cantidad` varchar(45) DEFAULT NULL,
  `precio_unitario` decimal(8,2) DEFAULT NULL,
  PRIMARY KEY (`idVenta_detalle`),
  KEY `idVenta_ventas_detalle_ventas_idx` (`idVenta`),
  KEY `ideProducto_productos_ventas_detalle_idx` (`idProducto`),
  CONSTRAINT `ideProducto_productos_ventas_detalle` FOREIGN KEY (`idProducto`) REFERENCES `productos` (`idProducto`) ON UPDATE CASCADE,
  CONSTRAINT `idVenta_ventas_detalle_ventas` FOREIGN KEY (`idVenta`) REFERENCES `ventas` (`idVenta`) ON UPDATE CASCADE
) ENGINE=InnoDB DEFAULT CHARSET=utf8mb4 COLLATE=utf8mb4_0900_ai_ci;
/*!40101 SET character_set_client = @saved_cs_client */;

--
-- Dumping data for table `ventas_detalle`
--

LOCK TABLES `ventas_detalle` WRITE;
/*!40000 ALTER TABLE `ventas_detalle` DISABLE KEYS */;
/*!40000 ALTER TABLE `ventas_detalle` ENABLE KEYS */;
UNLOCK TABLES;
/*!40103 SET TIME_ZONE=@OLD_TIME_ZONE */;

/*!40101 SET SQL_MODE=@OLD_SQL_MODE */;
/*!40014 SET FOREIGN_KEY_CHECKS=@OLD_FOREIGN_KEY_CHECKS */;
/*!40014 SET UNIQUE_CHECKS=@OLD_UNIQUE_CHECKS */;
/*!40101 SET CHARACTER_SET_CLIENT=@OLD_CHARACTER_SET_CLIENT */;
/*!40101 SET CHARACTER_SET_RESULTS=@OLD_CHARACTER_SET_RESULTS */;
/*!40101 SET COLLATION_CONNECTION=@OLD_COLLATION_CONNECTION */;
/*!40111 SET SQL_NOTES=@OLD_SQL_NOTES */;

-- Dump completed on 2024-05-29 22:09:06
